,video_id,video_diggcount,video_sharecount,video_commentcount,video_playcount
0,7315561816673750318,3600000.0,40100.0,11000.0,19000000.0
20,7306252753158950187,2000000.0,108700.0,19800.0,28900000.0
22,7316982795283287339,2800000.0,14800.0,6313.0,19100000.0
57,7339562593264078110,1900000.0,4569.0,2698.0,9800000.0
61,7338837606840651054,4200000.0,22500.0,8573.0,47700000.0
68,7339596534545173791,667300.0,2276.0,4822.0,9900000.0
102,7340022866655726890,3000000.0,19000.0,8306.0,12600000.0
113,7336561637261970720,2400000.0,6415.0,20700.0,19300000.0
116,7338965201263562030,3000000.0,8661.0,4453.0,15100000.0
125,7329787555732409608,1400000.0,3701.0,2752.0,11100000.0
165,7338796937686043909,959100.0,2525.0,1889.0,16400000.0
174,7338033399262842158,790700.0,2942.0,3957.0,32700000.0
178,7336923015030066464,1200000.0,2342.0,3699.0,21000000.0
184,7339362613869956394,2200000.0,73300.0,28200.0,9800000.0
187,7339697588137987359,1600000.0,7566.0,13200.0,14400000.0
189,7338197054352739630,2400000.0,64400.0,14900.0,12800000.0
208,7339685917759769899,2300000.0,2701.0,34000.0,40300000.0
217,7340011494291131691,4800000.0,114700.0,51300.0,40800000.0
225,7335305390181158186,1400000.0,4732.0,4200.0,19100000.0
232,7339992661496991009,2300000.0,4320.0,6163.0,21500000.0
243,7339677094655315232,1600000.0,4703.0,6766.0,10900000.0
255,7339105587289935106,2000000.0,8740.0,16200.0,21500000.0
266,7339270301655502122,812900.0,940.0,859.0,10700000.0
269,7337902986385050922,1300000.0,9090.0,1991.0,12300000.0
270,7340302464995839238,1300000.0,29800.0,10800.0,9900000.0
277,7339746812401732910,1700000.0,2761.0,1248.0,17200000.0
310,7332897307119160609,2500000.0,58900.0,19100.0,11800000.0
315,7335512403507072289,2900000.0,19900.0,15700.0,16100000.0
321,7312121029856480555,1400000.0,19600.0,4458.0,25100000.0
337,7333115875790261536,629100.0,3035.0,3724.0,18800000.0
339,7331136581740367112,2600000.0,3859.0,1970.0,34800000.0
352,7318283330175241477,3100000.0,15800.0,17300.0,19600000.0
356,7336975731928419614,709100.0,1256.0,4267.0,17700000.0
366,7334615934721625350,704500.0,892.0,458.0,18100000.0
379,7333740870266834222,1900000.0,7208.0,7360.0,30800000.0
385,7337869692125646123,983100.0,1226.0,943.0,10400000.0
389,7334731040692587822,699800.0,14300.0,5169.0,11000000.0
403,7332058709104790816,2100000.0,15200.0,1872.0,12600000.0
408,7332951273739668778,1800000.0,11200.0,674.0,11400000.0
417,7334540958782000427,1100000.0,3647.0,5334.0,15000000.0
424,7337553644369366314,7900000.0,36700.0,22700.0,60400000.0
435,7332575823242792235,740400.0,20400.0,3245.0,20300000.0
441,7329267660640865578,1000000.0,5875.0,3012.0,20800000.0
457,7337758973703114017,2800000.0,7701.0,6186.0,16900000.0
500,7338339892952354090,2800000.0,27000.0,17800.0,20700000.0
559,7338837091981331754,1800000.0,8623.0,4063.0,10200000.0
571,7336489079967632672,1900000.0,37800.0,19700.0,13900000.0
624,7338769181594127622,2000000.0,25700.0,4808.0,9500000.0
632,7334194548446350597,2300000.0,6515.0,4555.0,15500000.0
644,7338058289869081889,1600000.0,1947.0,4386.0,12000000.0
647,7334853625367317793,16100000.0,724700.0,96200.0,105800000.0
651,7328932932943383814,3200000.0,3133.0,5000.0,27300000.0
665,7337433492822723873,15900000.0,847100.0,96700.0,147300000.0
687,7328735621986487554,1600000.0,67000.0,23100.0,38800000.0
698,7336557059963374890,2000000.0,3161.0,2527.0,15300000.0
701,7206418312656506158,1300000.0,19500.0,17000.0,242500000.0
710,7334486058031205678,3500000.0,65900.0,50900.0,16900000.0
715,7335141561082088711,919700.0,72900.0,21300.0,19500000.0
724,7337876702116449582,2100000.0,186200.0,28800.0,31900000.0
739,7334356059106053409,1900000.0,5043.0,11800.0,35000000.0
742,7327022764856970538,1100000.0,2681.0,4399.0,25400000.0
745,7335761618162208032,4100000.0,3058.0,7292.0,59400000.0
750,7333002638113525035,1100000.0,3108.0,5823.0,11900000.0
767,7262027736665836846,708600.0,2644.0,2114.0,135900000.0
768,7332958026850258219,1400000.0,3926.0,3445.0,14700000.0
781,7321892334558301446,7000000.0,11500.0,11000.0,45300000.0
786,7335937245632826666,3100000.0,62800.0,16400.0,19900000.0
799,7337433647936490795,6300000.0,157700.0,36800.0,56100000.0
811,7336877244641561862,2900000.0,39800.0,15900.0,12500000.0
843,7334496331257417003,1200000.0,4945.0,5961.0,15000000.0
847,7337461619200494853,2600000.0,9214.0,3634.0,19000000.0
850,7337522140775779615,1500000.0,10900.0,0.0,17300000.0
864,7337206253921258795,1800000.0,7427.0,4801.0,13100000.0
870,7337522389497941278,1900000.0,6713.0,0.0,17300000.0
885,7336417320446856450,15400000.0,398800.0,111700.0,142200000.0
889,7331853628291976491,1500000.0,21400.0,8636.0,9800000.0
900,7334911121100475678,1700000.0,17100.0,11500.0,12600000.0
909,7331230833476390175,2300000.0,43100.0,11300.0,13500000.0
918,7336376740073245995,1500000.0,2102.0,1627.0,13300000.0
922,7336274344940686622,1800000.0,1572.0,5076.0,14900000.0
927,7335984075863313695,5200000.0,17800.0,15800.0,41500000.0
940,7331990939487063339,1500000.0,4095.0,2115.0,14200000.0
941,7334981876693634336,3200000.0,2744.0,7515.0,20000000.0
945,7333737576869694750,2400000.0,35300.0,6070.0,11400000.0
953,7334947203120729387,728700.0,4049.0,9151.0,26400000.0
954,7336326813121121579,3300000.0,18700.0,21800.0,24900000.0
955,7336487071323786539,11600000.0,77800.0,50600.0,89800000.0
975,7336420107171663137,1000000.0,805.0,10100.0,10100000.0
977,7336376242180148526,5900000.0,51900.0,22400.0,44000000.0
1011,7334875328554519850,628300.0,4739.0,7829.0,9400000.0
1032,7333981964900388103,3300000.0,16700.0,9269.0,20700000.0
1033,7335581309290515744,791300.0,884.0,6937.0,11700000.0
1038,7329990500528753953,1800000.0,2163.0,2344.0,13500000.0
1043,7335188471939697963,1900000.0,953.0,1517.0,19000000.0
1050,7329245377201179946,939000.0,4801.0,3209.0,12000000.0
1056,7334525377911590187,2200000.0,34500.0,18200.0,32500000.0
1069,7335051992286465281,1900000.0,21700.0,10500.0,9900000.0
1111,7326703653488725290,2400000.0,105100.0,38300.0,173700000.0
1120,7333570491686341920,1300000.0,21500.0,142300.0,14500000.0
1133,7335530026881846533,770900.0,8932.0,5701.0,19400000.0
1142,7324301096535526663,3900000.0,64000.0,40700.0,85000000.0
1146,7327603235315879211,3300000.0,83600.0,38500.0,176000000.0
1155,7332562010598640939,688700.0,518.0,526.0,16000000.0
1168,7325651170112965918,632800.0,547.0,2317.0,11700000.0
1180,7325483981049220395,2800000.0,6988.0,6715.0,20700000.0
1191,7333130992598748449,980000.0,16200.0,6070.0,66100000.0
1198,7331059357842591019,2500000.0,99000.0,16300.0,15900000.0
1208,7332012299718282539,2300000.0,143000.0,66100.0,18600000.0
1218,7332922034860625195,1000000.0,14500.0,3626.0,12200000.0
1240,7331983752891059498,1100000.0,8025.0,4812.0,13600000.0
1242,7327410420355222790,1600000.0,12300.0,6091.0,51900000.0
1259,7329267660640865578,1000000.0,5875.0,3012.0,20800000.0
1269,7335952420238937387,1400000.0,1779.0,3496.0,15900000.0
1312,7332713950074653995,2100000.0,18400.0,4204.0,12900000.0
1365,7334739339353574689,1900000.0,15900.0,6471.0,12800000.0
1390,7331944271223754026,2000000.0,22300.0,6027.0,19700000.0
1411,7327022764856970538,1100000.0,2683.0,4399.0,25400000.0
1441,7333975688346750241,1000000.0,24800.0,29100.0,9600000.0
1451,7335232528745254187,3200000.0,31000.0,14500.0,17900000.0
1458,7303793297867296046,940200.0,516.0,1953.0,10800000.0
1461,7336034739452677406,2100000.0,10900.0,18100.0,10400000.0
1488,7317422790406049070,1700000.0,25000.0,5720.0,15100000.0
1497,7335510732315921706,1700000.0,5767.0,2699.0,14000000.0
1518,7335163145528298785,1800000.0,82200.0,57200.0,13400000.0
1547,7334920050966678826,1700000.0,12400.0,6667.0,15800000.0
1551,7334424206626589995,1300000.0,13500.0,9973.0,9600000.0
1579,7334096197424090410,1200000.0,5064.0,16900.0,9800000.0
1587,7334406382759841066,2700000.0,11300.0,4317.0,18000000.0
1591,7334789153864895786,2700000.0,39100.0,52800.0,19000000.0
1615,7334367303817039112,1200000.0,2048.0,1637.0,9600000.0
1648,7335187818710371627,1200000.0,27100.0,13700.0,9600000.0
1660,7335171371607002399,1200000.0,5268.0,9164.0,11600000.0
1680,7332266780041186602,2000000.0,48400.0,11300.0,14600000.0
1702,7334478071455567147,2800000.0,59500.0,14500.0,16200000.0
1716,7335112902711545134,1800000.0,25000.0,11300.0,10200000.0
1720,7334070786291961118,2900000.0,7180.0,0.0,40600000.0
1740,7334841950987619627,722700.0,7051.0,4651.0,12500000.0
1754,7205717637312056619,3200000.0,72600.0,6634.0,93000000.0
1763,7334518997305593130,1300000.0,50400.0,55300.0,13200000.0
1770,7334594551950347566,2200000.0,16400.0,6694.0,18400000.0
1785,7332692602669567275,2600000.0,61000.0,15100.0,11700000.0
1804,7332181889715047726,1100000.0,14200.0,16700.0,13900000.0
1807,7332985553048194305,3900000.0,48200.0,71400.0,23300000.0
1823,7331605462997208366,1700000.0,93100.0,16200.0,20700000.0
1831,7331012962376994094,867800.0,10400.0,6598.0,9500000.0
1839,7333860325873159466,2300000.0,37100.0,13200.0,12500000.0
1840,7333031366528945414,4900000.0,20600.0,3227.0,25100000.0
1871,7331320026718326048,1100000.0,587.0,594.0,11700000.0
1874,7330689366450441518,4300000.0,51400.0,8783.0,63900000.0
1884,7325938629388340511,693900.0,7740.0,3152.0,14300000.0
1889,7328766924861541664,2300000.0,59300.0,20700.0,17100000.0
1890,7333834299415760171,1800000.0,6864.0,4533.0,13700000.0
1912,7332040118414380321,3700000.0,43300.0,22200.0,35600000.0
1913,7323996683619044613,1600000.0,8392.0,3906.0,11100000.0
1936,7328940245657881899,1700000.0,6243.0,13500.0,17100000.0
1938,7334128923539770666,3300000.0,12900.0,8825.0,19500000.0
1950,7326206101806959877,1700000.0,24100.0,10600.0,22500000.0
1951,7332970109016837382,848900.0,2697.0,5845.0,59400000.0
1952,7332601101209963809,2500000.0,51400.0,9287.0,15700000.0
1955,7332240020364922154,2100000.0,16300.0,2737.0,14000000.0
1957,7327626527770742058,1400000.0,3422.0,1937.0,11300000.0
1967,7332990307681815851,1700000.0,8311.0,9720.0,32600000.0
1971,7326620952740105477,1400000.0,20800.0,8143.0,11300000.0
1974,7333429932749573418,2900000.0,9800.0,5034.0,17600000.0
1975,7332974244592241966,2400000.0,16800.0,6463.0,13100000.0
1983,7329274198096973099,1100000.0,2762.0,4089.0,11800000.0
2013,7332569548215864608,4000000.0,47000.0,16600.0,17300000.0
2017,7333715923951553834,1700000.0,7065.0,7991.0,9600000.0
2021,7331226638476168494,856200.0,23900.0,6101.0,9500000.0
2054,7331561420728831275,1400000.0,795.0,1705.0,18800000.0
2070,7332928309853949216,2500000.0,25000.0,7100.0,13400000.0
2085,7333016808208878878,2400000.0,117800.0,32400.0,12300000.0
2091,7332193750317403434,3600000.0,168900.0,18600.0,28700000.0
2098,7330785064340491566,993700.0,26100.0,4047.0,11500000.0
2124,7331474521108614430,644400.0,1476.0,9783.0,19900000.0
2135,7331787620504063264,1100000.0,5113.0,2433.0,13600000.0
2140,7330804667342966059,1100000.0,3332.0,17800.0,12500000.0
2147,7325472993465994529,1100000.0,4841.0,2073.0,11200000.0
2150,7329230392161062149,959300.0,351.0,332.0,11400000.0
2155,7332931934269590817,1800000.0,2977.0,9227.0,22100000.0
2169,7331049988006415658,1400000.0,20800.0,3327.0,11100000.0
2180,7330297000031800622,2300000.0,5230.0,3988.0,12900000.0
2196,7331680039223708933,2700000.0,12900.0,14100.0,18200000.0
2216,7332806853715447072,1800000.0,4205.0,34500.0,82400000.0
2221,7333639714420837675,2200000.0,20000.0,17000.0,29800000.0
2231,7327632054017953057,941000.0,18100.0,12400.0,12000000.0
2254,7333187619150515458,1900000.0,5403.0,9732.0,19600000.0
2258,7333367405059607850,2500000.0,64400.0,5632.0,14000000.0
2278,7329674307355954475,1900000.0,14600.0,6006.0,14200000.0
2281,7332147084356750624,1900000.0,24800.0,10800.0,13700000.0
2285,7331566918735875371,777000.0,11300.0,4038.0,12800000.0
2305,7329216981129825566,9200000.0,335900.0,68600.0,53600000.0
2317,7332692602669567275,2600000.0,61000.0,15100.0,11700000.0
2318,7332133219934014762,772900.0,3391.0,5249.0,45700000.0
2324,7332304959477714218,2700000.0,11600.0,7269.0,9500000.0
2331,7332212750678150446,4600000.0,138000.0,27900.0,20400000.0
2334,7330154311105760554,1700000.0,2529.0,3782.0,18200000.0
2345,7332689218436664619,1700000.0,18700.0,14300.0,13600000.0
2349,7333637539552742702,3200000.0,153700.0,52300.0,26000000.0
2350,7331455231147904288,2500000.0,52700.0,12500.0,14200000.0
2355,7332952824919100714,2800000.0,35100.0,7843.0,19900000.0
2398,7332133219934014762,772900.0,3391.0,5249.0,45700000.0
2401,7325879255898934561,2300000.0,3719.0,4602.0,26600000.0
2411,7332128423898336558,674700.0,4503.0,4752.0,38600000.0
2414,7332702447212711211,3000000.0,44800.0,16600.0,15800000.0
2418,7326880701054291205,2200000.0,13700.0,18200.0,15900000.0
2420,7332089817620024608,1300000.0,4648.0,3096.0,19300000.0
2431,7331892443257867563,1300000.0,75200.0,42500.0,14600000.0
2435,7331393376627068203,3500000.0,66000.0,21200.0,17300000.0
2436,7332716395714710790,2900000.0,1962.0,3588.0,26300000.0
2438,7332551717822680363,3800000.0,6644.0,11300.0,21000000.0
2446,7333002638113525035,1100000.0,3108.0,5826.0,11900000.0
2454,7332133219934014762,772900.0,3391.0,5249.0,45700000.0
2473,7205717637312056619,3200000.0,72600.0,6634.0,93000000.0
2507,7332488779766172960,2700000.0,13500.0,54700.0,21700000.0
2508,7331843877206232362,2800000.0,10600.0,5309.0,28000000.0
2521,7332776324370599210,1600000.0,33900.0,26500.0,9600000.0
2544,7332692602669567275,2600000.0,61000.0,15100.0,11700000.0
2586,7331566337015237930,3600000.0,38900.0,5710.0,20700000.0
2587,7332896795338591530,3000000.0,64800.0,26900.0,15700000.0
2596,7331499717068836142,9600000.0,528300.0,67700.0,77900000.0
2604,7332128423898336558,674800.0,4503.0,4752.0,38600000.0
2606,7333032368405613870,1700000.0,9554.0,4985.0,9800000.0
2612,7332358613299760415,1700000.0,44600.0,15700.0,13300000.0
2615,7332128423898336558,674800.0,4503.0,4752.0,38600000.0
2616,7332826885031808263,3300000.0,49300.0,14500.0,19100000.0
2622,7330325090229325088,1900000.0,26900.0,9337.0,11800000.0
2650,7327707653512383790,813700.0,1172.0,1735.0,12100000.0
2656,7327633411722628398,3200000.0,33400.0,14300.0,21300000.0
2660,7332128423898336558,674800.0,4503.0,4752.0,38600000.0
2661,7332237986769423662,1600000.0,63000.0,10800.0,15400000.0
2701,7329659477563542817,3200000.0,10800.0,3878.0,25700000.0
2707,7326479571237326126,5300000.0,81000.0,42200.0,36800000.0
2711,7327703688217185542,975900.0,27200.0,5733.0,16300000.0
2712,7328237656070999339,1800000.0,35600.0,5437.0,11400000.0
2720,7326803263246863658,2200000.0,42200.0,14200.0,28900000.0
2729,7331526935786589486,4000000.0,176700.0,18800.0,54100000.0
2739,7325192838461836586,3600000.0,4256.0,5490.0,38700000.0
2746,7313773918144204074,2400000.0,5066.0,11300.0,59200000.0
2760,7312141226826878214,3700000.0,10200.0,10700.0,29200000.0
2774,7331166847921835297,2800000.0,4933.0,7493.0,19300000.0
2803,7328476814362430762,4100000.0,53100.0,21100.0,23800000.0
2821,7326842376004111646,1300000.0,1090.0,1676.0,13700000.0
2822,7330383703002123553,960500.0,4597.0,3492.0,17500000.0
2826,7326922297699306794,1500000.0,9766.0,6591.0,11400000.0
2829,7330796449761873194,2400000.0,18100.0,17100.0,13400000.0
2830,7059993381795089710,2500000.0,28400.0,113300.0,757500000.0
2840,7325907240894893318,2100000.0,21500.0,25000.0,11900000.0
2844,7311013835563961606,752400.0,489.0,952.0,13600000.0
2847,7328919819242261792,22800000.0,287400.0,108000.0,152800000.0
2862,7322914337629211936,5500000.0,53800.0,82400.0,145100000.0
2864,7330581321812593953,9100000.0,170900.0,58900.0,66700000.0
2867,7331161273486429483,733900.0,738.0,3692.0,15900000.0
2869,7330770720513068334,3900000.0,23600.0,34700.0,23900000.0
2872,7329144165009329441,14300000.0,184200.0,59400.0,236400000.0
2876,7327874546424581422,827300.0,5456.0,4104.0,11700000.0
2881,7330045581848562987,5900000.0,50900.0,16000.0,26500000.0
2882,7330127723295264043,1400000.0,1727.0,2467.0,9700000.0
2883,7314542807581035806,2600000.0,62300.0,9450.0,15100000.0
2885,7330916180233899269,5200000.0,95400.0,22400.0,42900000.0
2886,7328178624522112289,2400000.0,30000.0,28600.0,13200000.0
2907,7327024671264722209,2600000.0,50500.0,3020.0,14000000.0
2923,7327327069099052330,4600000.0,36300.0,23500.0,32300000.0
2941,7328460293477289249,2000000.0,7031.0,4439.0,10300000.0
2946,7329708546503740714,1600000.0,5555.0,10100.0,12200000.0
2948,7326875593297939743,3100000.0,34000.0,16600.0,16600000.0
2958,7311039322520636715,1800000.0,16500.0,1607.0,14700000.0
2981,7330514654558473514,2000000.0,1892.0,7369.0,13300000.0
2994,7326537319517867297,1400000.0,22400.0,3730.0,13700000.0
2995,7309247847898090794,2100000.0,6843.0,8438.0,19600000.0
3000,7328440277843119393,2200000.0,10300.0,4643.0,10800000.0
3002,7329617730104085791,2300000.0,18200.0,14300.0,10900000.0
3003,7330833345380650283,1400000.0,8041.0,2462.0,13700000.0
3017,7328955839501372704,3200000.0,26800.0,12900.0,20000000.0
3022,7329188358473747745,1400000.0,14900.0,5758.0,9600000.0
3029,7330422164841090347,938500.0,12200.0,2150.0,18900000.0
3036,7331012272510274849,8700000.0,130200.0,41300.0,44300000.0
3052,7331066273410895146,2400000.0,6963.0,6035.0,12800000.0
3056,7326350989961874734,4600000.0,221400.0,26400.0,46400000.0
3068,7321309755174161697,2500000.0,93200.0,7142.0,14100000.0
3079,7330815984284093727,5000000.0,83700.0,51000.0,47500000.0
3088,7330093448998964511,4800000.0,27400.0,0.0,59600000.0
3092,7330111017822801157,3400000.0,10800.0,8779.0,19000000.0
3096,7330776396173675818,1600000.0,2906.0,4576.0,9700000.0
3105,7327142848485231914,1200000.0,43400.0,23800.0,10900000.0
3113,7245401210709118210,1200000.0,2790.0,1296.0,16500000.0
3114,7329541169803824417,3800000.0,2314.0,6294.0,27600000.0
3115,7325189323177872672,1200000.0,21600.0,14200.0,12900000.0
3120,7318836510294330670,2300000.0,8580.0,5448.0,14000000.0
3121,7276626276306357550,1400000.0,12800.0,2150.0,66200000.0
3138,7330720370808474888,1200000.0,8822.0,8017.0,20200000.0
3141,7331081030960565546,1500000.0,2971.0,4940.0,11700000.0
3155,7329150907906559263,1800000.0,9084.0,4196.0,11500000.0
3159,7330728233949809962,8400000.0,77700.0,52900.0,50700000.0
3166,7326462348787535136,8400000.0,10500.0,7495.0,41400000.0
3173,7330455450049137963,2000000.0,8413.0,3171.0,12300000.0
3180,7330698737532587310,1300000.0,49600.0,21000.0,13100000.0
3186,7331051973149740334,2000000.0,63000.0,20700.0,12900000.0
3191,7330446319695318314,4100000.0,44000.0,8437.0,21400000.0
3198,7330697795852193055,5600000.0,143500.0,47200.0,44900000.0
3210,7325536930593049861,1700000.0,49400.0,6764.0,13300000.0
3226,7328920135048154370,2500000.0,6087.0,5667.0,19500000.0
3229,7330762466550648110,3700000.0,43000.0,12400.0,27600000.0
3249,7330032221396552990,3400000.0,19900.0,6754.0,20100000.0
3252,7330745328196455712,2400000.0,4211.0,2098.0,12800000.0
3258,7329233392128576810,2500000.0,48100.0,18000.0,13400000.0
3259,7330466527742971182,1800000.0,36400.0,13900.0,10500000.0
3277,7330865528715693318,9300000.0,167100.0,41600.0,50100000.0
3285,7331143049805974826,4000000.0,40500.0,11200.0,23800000.0
3291,7329127218779589921,4700000.0,57700.0,18100.0,28500000.0
3292,7329617341396946222,2100000.0,37100.0,17000.0,12300000.0
3299,7329238193944137006,1900000.0,34700.0,7532.0,11000000.0
3303,7330487146094005547,2200000.0,104100.0,59500.0,18100000.0
3304,7330658899630083361,2700000.0,57900.0,43900.0,28500000.0
3309,7323770450872470827,2600000.0,6919.0,5955.0,14000000.0
3315,7328845138548116768,2200000.0,3843.0,3846.0,13200000.0
3321,7313898627393637678,1900000.0,24100.0,7011.0,20900000.0
3322,7327428791616294175,3900000.0,140600.0,25300.0,18600000.0
3325,7328109617622387998,1400000.0,15500.0,3837.0,10000000.0
3330,7329485634903575854,2100000.0,100800.0,14400.0,10600000.0
3333,7328639856962309419,1800000.0,90600.0,11100.0,13800000.0
3334,7325072279992306976,1100000.0,5039.0,7569.0,14900000.0
3343,7325611290104237354,3700000.0,25700.0,10700.0,19900000.0
3353,7262027736665836846,709100.0,2647.0,2116.0,136000000.0
3357,7329405389450038533,2300000.0,11200.0,7680.0,13700000.0
3365,7314910429921201454,3400000.0,16900.0,10800.0,13800000.0
3367,7329601058227883297,2700000.0,35600.0,15400.0,14100000.0
3370,7278330972293188906,648100.0,6702.0,3128.0,11900000.0
3371,7260946815942397230,6700000.0,213500.0,44300.0,98000000.0
3372,7329238193944137006,1900000.0,34700.0,7532.0,11000000.0
3376,7296853597361327403,821500.0,7564.0,2924.0,117300000.0
3378,7329719213973605674,2400000.0,16100.0,3185.0,11700000.0
3385,7328855656075693358,1500000.0,9562.0,5681.0,10800000.0
3390,7329997978196921642,3800000.0,73300.0,24100.0,17200000.0
3398,7326288796163607841,5300000.0,111500.0,51200.0,26700000.0
3406,7329978546355686702,2300000.0,17800.0,4981.0,17800000.0
3427,7330018113833962794,4100000.0,9936.0,6885.0,19200000.0
3433,7329577926066769183,1100000.0,1647.0,0.0,10900000.0
3449,7328996864609750277,2700000.0,19600.0,0.0,16300000.0
3457,7325890401129352490,1600000.0,85700.0,10800.0,14800000.0
3459,7326984915575360814,1900000.0,17900.0,9412.0,10000000.0
3462,7328510158412188974,796000.0,7594.0,3767.0,56200000.0
3463,7329654958834634030,2900000.0,66000.0,7252.0,16700000.0
3464,7329951200873368874,5100000.0,370000.0,71900.0,46200000.0
3468,7328932162625998111,2600000.0,57100.0,11400.0,12400000.0
3469,7328188478250814750,2300000.0,32200.0,7224.0,11000000.0
3472,7330250329839160607,3000000.0,46000.0,10400.0,28400000.0
3474,7329532206773259526,2700000.0,36400.0,9187.0,11900000.0
3481,7330352935261539614,785300.0,27400.0,30100.0,14400000.0
3504,7326242873366580482,2000000.0,20000.0,3322.0,14100000.0
3506,7329648855346056490,2700000.0,121100.0,13800.0,13300000.0
3508,7328763903855545633,4300000.0,84100.0,22900.0,21600000.0
3509,7329266154436824366,2100000.0,11100.0,5312.0,14300000.0
3512,7329661341310962986,4200000.0,6173.0,4942.0,33300000.0
3522,7329202393692835073,2700000.0,31300.0,6427.0,21300000.0
3537,7325161769159347502,776300.0,8611.0,9433.0,9400000.0
3540,7324090950865800454,1900000.0,948.0,2675.0,23100000.0
3578,7325165295734181128,2300000.0,2807.0,3864.0,22600000.0
3592,7328921672978058542,9000000.0,95000.0,56500.0,47200000.0
3614,7326997526047886634,1500000.0,19900.0,4537.0,10900000.0
3629,7328573632379325742,1400000.0,13300.0,5461.0,9500000.0
3642,7323832252662730030,1700000.0,30800.0,75600.0,33900000.0
3652,7323722627380464942,2500000.0,7054.0,7110.0,23700000.0
3655,7327889338442714411,3100000.0,9638.0,8411.0,20000000.0
3658,7327905454691142958,3200000.0,56400.0,24200.0,17500000.0
3661,7324356565765492014,1700000.0,19400.0,5543.0,16800000.0
3665,7311921855147855146,20000000.0,690600.0,159900.0,241600000.0
3669,7325284734060285226,1700000.0,8693.0,6862.0,11100000.0
3671,7328103713095028011,4300000.0,40000.0,55400.0,39500000.0
3675,7326992376516463902,953400.0,33500.0,5601.0,9500000.0
3676,7328587610857786654,3300000.0,40500.0,0.0,27300000.0
3681,7328521620585467182,1400000.0,5695.0,10900.0,15900000.0
3685,7328035074245397803,781800.0,38100.0,3802.0,9600000.0
3699,7327681295939538208,836100.0,685.0,2009.0,14700000.0
3710,7327296953027497248,762600.0,3565.0,11700.0,9400000.0
3730,7328447255030123819,4200000.0,142200.0,24300.0,19400000.0
3735,7327727665589308678,3000000.0,57000.0,18700.0,17000000.0
3754,7327740406161001770,9600000.0,201600.0,46300.0,100100000.0
3766,7327185197235965230,5700000.0,45900.0,13000.0,52500000.0
3772,7327710349539446049,2700000.0,42200.0,8791.0,18500000.0
3784,7322378645501152558,3700000.0,78200.0,28900.0,16800000.0
3802,7327765839137000746,2300000.0,57400.0,13400.0,19300000.0
3803,7327678973079555371,1500000.0,2130.0,1934.0,30300000.0
3833,7323306817272941867,1200000.0,10200.0,4121.0,10300000.0
3841,7327709715369102634,1200000.0,29300.0,12900.0,9500000.0
3849,7327664934085479710,1100000.0,19500.0,9403.0,9600000.0
3868,7326986360508697886,1400000.0,8382.0,0.0,11300000.0
3890,7327343998417423647,1100000.0,66400.0,6017.0,12700000.0
3894,7327028361384037663,2000000.0,36300.0,9888.0,13600000.0
3938,7322369080231546118,825000.0,93400.0,9547.0,31500000.0
3953,7263132310994701610,1600000.0,539100.0,14700.0,18200000.0
3971,7310248433829301536,2500000.0,197300.0,28900.0,70000000.0
3974,7325564410204785951,4000000.0,159900.0,24500.0,20800000.0
3985,7322563643650985248,3500000.0,28500.0,13500.0,13800000.0
3986,7326570862876953889,3100000.0,215200.0,17200.0,15200000.0
3992,7322880967113231659,2400000.0,104600.0,33100.0,14100000.0
3994,7323007354264620334,4700000.0,36300.0,12400.0,30700000.0
3997,7321254715663093034,3600000.0,104400.0,30600.0,16000000.0
3998,7326032927064722731,971800.0,610600.0,5096.0,12200000.0
4004,7325779197652225282,1200000.0,13100.0,6298.0,14400000.0
4010,7327022764856970538,1100000.0,2685.0,4400.0,25500000.0
4012,7305086784638176558,1400000.0,2590.0,3353.0,14400000.0
4024,7326337495673687338,2200000.0,26500.0,10200.0,11000000.0
4025,7326915014483283246,2400000.0,48800.0,8455.0,12400000.0
4039,7326433500771487018,2400000.0,48600.0,14700.0,14200000.0
4041,7324922286618774830,1200000.0,14600.0,2840.0,10800000.0
4043,7325165757166325035,3800000.0,6695.0,5530.0,31600000.0
4045,7325912539831880965,4400000.0,51600.0,15000.0,17400000.0
4056,7319628398270188833,6100000.0,81100.0,37500.0,34300000.0
4061,7325276084214172970,5500000.0,72500.0,16600.0,22800000.0
4066,7322468337655500038,4700000.0,62300.0,11900.0,26700000.0
4068,7326401040549514539,3100000.0,35500.0,20500.0,16100000.0
4084,7326347261275917611,2900000.0,25500.0,15500.0,11700000.0
4086,7322667932226506027,6500000.0,47300.0,42200.0,32900000.0
4092,7326253299663916321,2200000.0,39900.0,24400.0,9600000.0
4093,7321934254097714437,1300000.0,21900.0,5486.0,12900000.0
4112,7326268161886801194,2700000.0,22700.0,15000.0,40100000.0
4118,7313870923256302856,6200000.0,215100.0,47500.0,56300000.0
4119,7288031357849128222,1400000.0,5147.0,1256.0,10800000.0
4128,7326579592481836320,2100000.0,11100.0,7304.0,13900000.0
4137,7279103974467308842,787200.0,2315.0,3950.0,9700000.0
4140,7326991035840679200,1800000.0,60000.0,17700.0,19200000.0
4144,7325841793579355425,3200000.0,63900.0,9721.0,20800000.0
4155,7326545249680002336,1600000.0,44100.0,8641.0,11600000.0
4174,7326348491456924974,3000000.0,15400.0,8749.0,23900000.0
4177,7327014093758549290,2000000.0,122100.0,8540.0,21600000.0
4179,7325990576715746566,3100000.0,32300.0,11500.0,13700000.0
4209,7324386503231048993,2300000.0,143800.0,34800.0,14700000.0
4224,7326216470201961774,1900000.0,2895.0,1863.0,12700000.0
4226,7321853342471261483,2500000.0,236500.0,15100.0,20900000.0
4231,7325901029046832390,1400000.0,14700.0,5120.0,12600000.0
4238,7325606553489263890,1300000.0,79200.0,28400.0,21300000.0
4239,7326580268805016875,1300000.0,74600.0,7234.0,10600000.0
4248,7326323099308133678,1100000.0,42400.0,6242.0,16500000.0
4282,7326064800532827438,2500000.0,70600.0,29800.0,11200000.0
4294,7325641113954471199,1700000.0,6159.0,6217.0,13600000.0
4305,7310074479734983979,2100000.0,89400.0,15600.0,121300000.0
4322,7325899617869024542,1200000.0,22400.0,7782.0,9400000.0
4330,7311649727404133665,1600000.0,23300.0,18200.0,19700000.0
4333,7325841631570087211,2900000.0,10300.0,6724.0,22700000.0
4334,7325872750529252654,1200000.0,2148.0,1905.0,11900000.0
4367,7325859065467309355,3500000.0,37900.0,6152.0,18000000.0
4389,7325689569163136258,5900000.0,87300.0,42700.0,37500000.0
4400,7324160751223016734,5200000.0,64200.0,21700.0,26700000.0
4406,7323244478469393696,3300000.0,96100.0,36000.0,38500000.0
4416,7323465344998247686,1600000.0,2640.0,4592.0,12700000.0
4417,7325630898475470111,4000000.0,13900.0,21700.0,44600000.0
4429,7320762472451804421,1300000.0,610.0,3504.0,35700000.0
4442,7315269321050279214,1900000.0,18500.0,8992.0,10400000.0
4455,7314458627249638688,1400000.0,5748.0,7344.0,22100000.0
4485,7325192879700200746,2000000.0,34800.0,13800.0,19100000.0
4486,7325661184986844458,1800000.0,8472.0,5218.0,12900000.0
4487,7322591181949422891,1700000.0,5128.0,16900.0,16400000.0
4521,7325461513123269934,2000000.0,144100.0,27400.0,10100000.0
4544,7324307603171970305,1500000.0,28000.0,4438.0,17600000.0
4567,7307771122953506081,1700000.0,25300.0,1983.0,11100000.0
4576,7325496090562661674,1300000.0,5657.0,5244.0,17800000.0
4601,7324035102298705194,1800000.0,71400.0,7567.0,15200000.0
4608,7325059011018116385,2400000.0,19900.0,10900.0,28000000.0
4609,7325209959401033003,2000000.0,10500.0,5578.0,13700000.0
4628,7324413596832714016,1300000.0,16900.0,2680.0,10000000.0
4635,7325167054196051246,3500000.0,8564.0,6241.0,24400000.0
4636,7318447578964675886,7900000.0,139900.0,29900.0,50300000.0
4638,7322971583344037153,2900000.0,7302.0,3686.0,40000000.0
4639,7324926842660556074,1500000.0,25500.0,1683.0,11000000.0
4646,7312613136975006981,1800000.0,2425.0,6980.0,24000000.0
4650,7225294750809787694,2700000.0,228100.0,4801.0,33400000.0
4655,7323369741996002566,2500000.0,36400.0,8633.0,27400000.0
4665,7307093979273760046,1400000.0,5162.0,1585.0,12000000.0
4678,7321431257085168928,973200.0,16100.0,3260.0,21200000.0
4690,7324125553445899525,1700000.0,33900.0,6590.0,10200000.0
4704,7322474679166340394,1700000.0,14700.0,10100.0,10300000.0
4720,7324859990232124677,2200000.0,13900.0,7754.0,15300000.0
4743,7325541726985178414,2800000.0,7647.0,7358.0,26900000.0
4766,7320727049809825066,972200.0,1138.0,5117.0,25300000.0
4769,7325279672307076384,1300000.0,2974.0,1606.0,15900000.0
4776,7325273435095977248,6000000.0,147600.0,92700.0,53400000.0
4784,7325405878226586885,3800000.0,29400.0,25300.0,16800000.0
4814,7324749602349944107,7200000.0,114300.0,33000.0,52500000.0
4815,7322179412416417056,4100000.0,66600.0,30600.0,22800000.0
4816,7325191280483421483,2800000.0,37900.0,9643.0,13800000.0
4837,7325173202211147050,2300000.0,20800.0,14600.0,22200000.0
4840,7318393824517098754,2900000.0,85900.0,14100.0,23200000.0
4871,7325586743195880750,1200000.0,10700.0,2264.0,9800000.0
4873,7322570020637297966,1200000.0,2820.0,3434.0,10700000.0
4879,7325564781463751979,1600000.0,6563.0,8178.0,9900000.0
4880,7310628922134138154,2300000.0,15400.0,7187.0,15200000.0
4906,7325357701418994949,985800.0,1950.0,1895.0,11300000.0
4920,7317349441302842629,1600000.0,13300.0,14000.0,33700000.0
4923,7325577933299485958,1600000.0,5164.0,4743.0,9700000.0
4931,7323073264606039327,3300000.0,39300.0,11700.0,35900000.0
4934,7281505949615918382,2400000.0,16800.0,1681.0,13800000.0
4953,7323584453207461152,2200000.0,73100.0,11600.0,11900000.0
4959,7323991293674147105,733800.0,1117.0,2389.0,9600000.0
4963,7320750014655974686,2900000.0,6393.0,4095.0,16100000.0
4969,7325235882322201902,1100000.0,1526.0,1981.0,9400000.0
4976,7325338501661068549,4300000.0,77100.0,18400.0,24700000.0
5003,7325240224085265694,2100000.0,52900.0,12800.0,13300000.0
5014,7321979030536916270,1900000.0,25200.0,3055.0,20400000.0
5033,7324990723193883947,17900000.0,298800.0,77000.0,101300000.0
5048,7323723791312489770,4900000.0,39000.0,29300.0,42300000.0
5051,7320256566010137888,3500000.0,10500.0,7294.0,35000000.0
5065,7323735483375258923,1900000.0,9635.0,7557.0,18600000.0
5077,7324730871380987182,928800.0,4387.0,1607.0,10100000.0
5086,7321512638339452206,2900000.0,41500.0,12600.0,20100000.0
5101,7325030268690025736,2800000.0,41200.0,16000.0,27800000.0
5102,7323706202314018090,5200000.0,138300.0,12700.0,32200000.0
5134,7324978019146140971,6400000.0,25300.0,30400.0,62200000.0
5140,7324954769288711467,1700000.0,50300.0,3181.0,12000000.0
5144,7323666053014539566,1100000.0,5320.0,3334.0,11900000.0
5149,7324773633413352735,5000000.0,267300.0,102700.0,41300000.0
5151,7324839981627870507,2600000.0,181000.0,39100.0,17500000.0
5153,7312472295778438406,677300.0,41200.0,9613.0,25900000.0
5155,7319368966374280491,3400000.0,57600.0,12700.0,37300000.0
5157,7319690440423361834,2500000.0,68400.0,15500.0,13200000.0
5161,7321526414019136810,1600000.0,5701.0,5823.0,11100000.0
5170,7316183354263538945,6200000.0,278400.0,41400.0,138000000.0
5180,7308215943899942187,10600000.0,560500.0,66400.0,79200000.0
5185,7322494909624093995,1700000.0,15200.0,10900.0,19800000.0
5188,7321725823344676142,781300.0,60400.0,11700.0,34400000.0
5190,7307717753425726762,1200000.0,21800.0,1488.0,10800000.0
5197,7312176267716005150,1000000.0,17200.0,1833.0,11300000.0
5233,7325212055290563883,2700000.0,5647.0,1933.0,22400000.0
5255,7310664577698581792,640100.0,3660.0,2829.0,10700000.0
5261,7321174164763708718,2200000.0,6976.0,20400.0,49000000.0
5267,7309471722489711918,1600000.0,1044.0,1602.0,12600000.0
5273,7303695144790936865,1200000.0,712.0,531.0,13900000.0
5290,7320344312871406853,745900.0,2800.0,2425.0,24200000.0
5295,7318582397316959531,939600.0,8639.0,5977.0,16700000.0
5304,7322119920177761578,1600000.0,10100.0,10600.0,22500000.0
5308,7315604666065194245,915600.0,6211.0,11900.0,10100000.0
5310,7315886470265343262,862000.0,3247.0,1449.0,14300000.0
5326,7319269139707612449,2700000.0,4144.0,11500.0,62700000.0
5405,7321813033590869290,841500.0,20600.0,15600.0,18400000.0
5408,7324309519146732842,1500000.0,3578.0,4597.0,14200000.0
5424,7324921213359344926,2800000.0,21700.0,5756.0,27500000.0
5437,7321023773090516267,746900.0,6052.0,1446.0,28200000.0
5440,7324509024076975403,1400000.0,60100.0,7905.0,14400000.0
5441,7324009329101753606,2300000.0,54600.0,19000.0,24300000.0
5445,7324414786941308193,2900000.0,64100.0,25600.0,17500000.0
5471,7323574076390362370,2800000.0,8752.0,5423.0,11800000.0
5479,7322174744193813806,2000000.0,22000.0,17100.0,17100000.0
5480,7325160950976515370,1000000.0,2870.0,6512.0,11400000.0
5489,7320245398868905262,730900.0,3167.0,1285.0,10400000.0
5507,7324437533104852266,841200.0,23100.0,4357.0,11200000.0
5539,7324569643606117675,2400000.0,16500.0,4923.0,13100000.0
5575,7303224077244763422,2500000.0,14200.0,6555.0,12900000.0
5578,7324596993324567813,1700000.0,1381.0,8322.0,18600000.0
5591,7323661335705685281,2400000.0,11700.0,5648.0,15600000.0
5601,7322030352329870593,2800000.0,9812.0,5377.0,13300000.0
5610,7325087048245939502,3500000.0,38100.0,18400.0,21200000.0
5636,7325177334150073633,1900000.0,41900.0,20500.0,13100000.0
5648,7304676853426556166,2500000.0,25000.0,5054.0,12200000.0
5650,7325192879700200746,2000000.0,34800.0,13800.0,19100000.0
5658,7315750608642772257,824200.0,15900.0,12800.0,17800000.0
5674,7324469503927061803,1800000.0,18600.0,17800.0,17100000.0
5694,7324576626216291626,1500000.0,8160.0,6921.0,16300000.0
5754,7324977161587133742,2100000.0,896.0,1919.0,26200000.0
5778,7320806770237033770,2500000.0,31900.0,6368.0,32000000.0
5781,7321801385450851630,2500000.0,19500.0,31400.0,25000000.0
5793,7317908521364819243,2300000.0,26400.0,19800.0,36200000.0
5800,7324417126192696622,4900000.0,34000.0,10800.0,18600000.0
5806,7305429602346814726,2900000.0,5952.0,6406.0,21300000.0
5813,7310279367031180590,6400000.0,115600.0,26700.0,80900000.0
5817,7324921374160588065,1100000.0,3144.0,2428.0,12700000.0
5827,7319250533057875232,5200000.0,6974.0,22400.0,66400000.0
5844,7324799521479773486,2200000.0,20800.0,4034.0,24600000.0
5865,7317043991944596782,1700000.0,5010.0,1793.0,23000000.0
5899,7319268967170804994,3800000.0,4345.0,5897.0,55000000.0
5927,7323262023205227809,2000000.0,3236.0,1973.0,20600000.0
5932,7324870648017276202,1300000.0,1836.0,3638.0,13700000.0
5937,7319315664399813919,3200000.0,8742.0,11000.0,30500000.0
5992,7324218982553390382,952100.0,3510.0,1813.0,10800000.0
5997,7324031406592527649,1300000.0,832.0,3432.0,12500000.0
6002,7323646437533797675,2300000.0,81400.0,33500.0,66100000.0
6008,7324381104893349166,1800000.0,22900.0,2573.0,24100000.0
6011,7322249991248956702,1300000.0,1748.0,1300.0,12300000.0
6021,7323722395359972614,837100.0,10500.0,4097.0,38500000.0
6028,7324883980317117701,4200000.0,60100.0,11500.0,19400000.0
6037,7320382240905497887,3200000.0,78200.0,17500.0,57800000.0
6041,7324359886584712481,3500000.0,43500.0,11000.0,15500000.0
6042,7324520494244449578,1100000.0,12800.0,10800.0,13500000.0
6043,7324349850789711146,1300000.0,3306.0,3252.0,12600000.0
6058,7321911500657003807,1200000.0,10600.0,7247.0,10000000.0
6068,7324736415911218474,1400000.0,2251.0,3140.0,12300000.0
6080,7324079110400118046,3000000.0,145700.0,13200.0,16600000.0
6084,7324409485399887150,6600000.0,106800.0,64200.0,50100000.0
6088,7319261721783307563,1400000.0,5530.0,8999.0,11200000.0
6110,7321599061272939782,1300000.0,31300.0,4144.0,13700000.0
6118,7324747440383364394,6700000.0,71400.0,39300.0,45100000.0
6136,7306802296640326945,2100000.0,2365.0,3966.0,19700000.0
6153,7319928951453928747,3700000.0,29300.0,11000.0,20700000.0
6158,7262027736665836846,709800.0,2651.0,2117.0,136200000.0
6179,7324389475226799402,1100000.0,642.0,1587.0,13100000.0
6192,7324301343059873066,852600.0,8935.0,10300.0,9800000.0
6231,7320615803471121710,765400.0,26000.0,5029.0,12400000.0
6233,7321964995644886277,1400000.0,4116.0,3243.0,16200000.0
6237,7324119246227754273,1500000.0,6636.0,4145.0,9400000.0
6254,7320674510686932256,1900000.0,8115.0,5750.0,13000000.0
6265,7324785814129429791,2200000.0,6264.0,3717.0,28800000.0
6302,7316189753806769414,5800000.0,26700.0,18400.0,35100000.0
6306,7324270259978915105,852400.0,10500.0,2453.0,12900000.0
6336,7324748357962927392,5300000.0,30700.0,14200.0,22900000.0
6351,7323841863121636616,2500000.0,26300.0,5661.0,14200000.0
6352,7324083003284573482,1700000.0,47800.0,6802.0,17200000.0
6359,7324800703732403489,3900000.0,14600.0,5162.0,17200000.0
6361,7323767394290208030,4400000.0,122100.0,78800.0,21800000.0
6391,7324762050549402912,1500000.0,1438.0,2284.0,12400000.0
6393,7324523492538338561,1500000.0,2485.0,3538.0,25300000.0
6405,7324353958208621856,3900000.0,32100.0,13900.0,28500000.0
6424,7323732803508587807,5900000.0,13900.0,12700.0,40600000.0
6435,7323234581912505618,3600000.0,65900.0,16600.0,29100000.0
6436,7324121759773658414,840100.0,790.0,1289.0,11400000.0
6449,7324798984927726880,1600000.0,9658.0,6201.0,16800000.0
6457,7322226288582757678,3600000.0,47500.0,18600.0,22400000.0
6466,7302616034597555502,1500000.0,3051.0,4650.0,13400000.0
6468,7322305748975848705,2100000.0,28300.0,5444.0,9500000.0
6484,7322234652272397598,3200000.0,17000.0,14300.0,28000000.0
6488,7316588786865966369,2100000.0,10400.0,5765.0,13200000.0
6494,7324261026239679777,711000.0,1514.0,836.0,9700000.0
6495,7324286459324697864,2200000.0,12800.0,7921.0,13900000.0
6504,7313548044199382304,1900000.0,62900.0,9325.0,13100000.0
6540,7318071341666618656,1500000.0,3763.0,1255.0,9800000.0
6550,7323650832904228129,2100000.0,9097.0,6285.0,10300000.0
6562,7309559420814462240,1500000.0,6399.0,6373.0,10900000.0
6565,7321751643475758378,992600.0,22800.0,5734.0,9800000.0
6580,7322986923369319713,2400000.0,20900.0,29700.0,17200000.0
6601,7316269439454842154,5100000.0,11600.0,8055.0,22500000.0
6602,7323697644675763502,1400000.0,24000.0,5825.0,11800000.0
6612,7317867136062442794,1200000.0,42900.0,6865.0,16500000.0
6615,7039762494256090415,3100000.0,28200.0,21200.0,11800000.0
6616,7323007354264620334,4700000.0,36300.0,12400.0,30700000.0
6619,7315802495094164756,4400000.0,77900.0,65800.0,40500000.0
6627,7323331755040230702,1600000.0,5097.0,4780.0,20200000.0
6628,7323649719773875488,2700000.0,52900.0,21000.0,23200000.0
6630,7321924556850007301,1500000.0,12100.0,4921.0,15500000.0
6662,7322859403827318048,1700000.0,23100.0,12300.0,10200000.0
6676,7319279261913976110,3000000.0,51400.0,13800.0,16700000.0
6682,7323966393119018283,2500000.0,15000.0,11300.0,12800000.0
6686,7323453363239243054,1900000.0,31000.0,10800.0,15100000.0
6687,7323415529438317866,884300.0,45100.0,19300.0,18600000.0
6722,7303373812387679490,3100000.0,8588.0,5335.0,15600000.0
6724,7315810775812115720,944300.0,8466.0,8579.0,11000000.0
6736,7310023160479485230,1900000.0,27500.0,42600.0,18100000.0
6740,7323261491707137286,905500.0,10200.0,7517.0,14600000.0
6755,7308372379762314528,1800000.0,1823.0,2447.0,13300000.0
6760,7308967274122136863,2200000.0,13700.0,3676.0,11800000.0
6766,7324008269482151214,3600000.0,47300.0,12900.0,17200000.0
6792,7315501191096552737,1400000.0,1548.0,3068.0,15500000.0
6809,7322767922810604801,3500000.0,124600.0,16100.0,43300000.0
6814,7323370210050772230,668600.0,6068.0,2378.0,14600000.0
6816,7306351228974288159,3200000.0,13600.0,18700.0,11200000.0
6819,7323031521504431406,3200000.0,17900.0,10400.0,26800000.0
6829,7323752657963732254,9500000.0,182200.0,39100.0,46100000.0
6845,7318273749328121134,1200000.0,6496.0,3621.0,47200000.0
6855,7324049359509802271,2000000.0,11000.0,19200.0,10600000.0
6898,7313528314751208711,1200000.0,18100.0,7472.0,46700000.0
6901,7319928500344048942,3100000.0,117700.0,16900.0,38900000.0
6910,7317357232046263560,638000.0,3070.0,1248.0,12500000.0
6918,7322488180920372526,1300000.0,1969.0,3156.0,18200000.0
6930,7322966809890786606,1800000.0,6798.0,2222.0,12800000.0
6952,7317056235738598698,2100000.0,13200.0,597900.0,83600000.0
6962,7317791698073947422,1500000.0,91700.0,16900.0,105700000.0
6964,7321468321965116704,1400000.0,1630.0,10500.0,22000000.0
6975,7320343822997687584,967100.0,2157.0,2703.0,17900000.0
6987,7323253831528123690,1200000.0,3132.0,2309.0,11200000.0
6999,7314035792509291781,1700000.0,1733.0,9589.0,13600000.0
7003,7315890627089108256,2700000.0,9908.0,5092.0,22500000.0
7009,7319716140618419502,703700.0,34300.0,2826.0,13000000.0
7021,7304149117884779781,1900000.0,3958.0,2057.0,15400000.0
7027,7318452926769417504,4500000.0,33700.0,21800.0,149500000.0
7033,7310269469564194079,871700.0,394.0,4041.0,16400000.0
7035,7317174577438788895,1100000.0,783.0,1146.0,12900000.0
7064,7322941213420588330,4400000.0,71900.0,19900.0,41900000.0
7123,7321071284601785632,1500000.0,2072.0,1933.0,9900000.0
7135,7320380446557113642,1700000.0,14100.0,8314.0,12100000.0
7158,7321533235941428526,2900000.0,21300.0,24600.0,16000000.0
7165,7318111472108834080,1300000.0,4875.0,4346.0,33000000.0
7182,7309685284025683246,2300000.0,12200.0,8763.0,26900000.0
7192,7317355870516432160,2100000.0,8904.0,8091.0,13400000.0
7200,7321513562604637458,1400000.0,2375.0,2513.0,16300000.0
7210,7319991089035955502,1900000.0,36700.0,8024.0,12500000.0
7213,7320076560076246318,3700000.0,8418.0,15800.0,156200000.0
7215,7322190708176129313,924400.0,2001.0,6154.0,16600000.0
7223,7317337075269864737,2900000.0,11300.0,3350.0,19800000.0
7241,7314464633018944773,2700000.0,9952.0,11400.0,28500000.0
7243,7300333052037696811,869100.0,5724.0,6316.0,11200000.0
7245,7317408832089673006,1600000.0,23700.0,7715.0,10900000.0
7250,7319572010827336993,1500000.0,4488.0,1939.0,11400000.0
7267,7317431449110695214,910000.0,4734.0,2315.0,18900000.0
7271,7313436359119621419,1800000.0,36500.0,22000.0,11400000.0
7272,7323948217014455585,690400.0,572.0,2906.0,11600000.0
7278,7321241918698999082,835800.0,510.0,1232.0,10600000.0
7283,7312130676768181536,1400000.0,9808.0,8808.0,20200000.0
7308,7313268380709178670,4100000.0,98500.0,19400.0,22400000.0
7311,7323067475220827438,2000000.0,2480.0,8433.0,30500000.0
7321,7323051736590077226,1200000.0,34400.0,44400.0,10300000.0
7327,7322786335167679777,1300000.0,13300.0,3831.0,25400000.0
7331,7310218300653456673,4900000.0,4724.0,3847.0,30000000.0
7335,7302976179080891691,636900.0,1170.0,1508.0,9700000.0
7336,7321594239844977925,1900000.0,21000.0,7806.0,9800000.0
7346,7313688268552359214,4800000.0,16100.0,17600.0,45400000.0
7359,7313248592356019461,2700000.0,4661.0,6631.0,26400000.0
7364,7304997505769540906,748700.0,373.0,387.0,10600000.0
7371,7317137275266157866,1100000.0,6892.0,6410.0,15800000.0
7399,7323421157774888234,1200000.0,1093.0,7482.0,9400000.0
7422,7321871350694432005,3700000.0,17800.0,16000.0,26700000.0
7425,7310268978365009185,2700000.0,126100.0,18200.0,53000000.0
7434,7317025254478466347,1900000.0,11400.0,11300.0,34900000.0
7457,7318599959438200106,3300000.0,66200.0,8753.0,59700000.0
7463,7321747840512937248,2100000.0,4709.0,4561.0,25200000.0
7468,7308555003797540138,3500000.0,26200.0,16800.0,29200000.0
7489,7319370686206823726,761900.0,6388.0,2489.0,20100000.0
7492,7315062173204499745,4800000.0,22900.0,16500.0,27900000.0
7495,7321107380811369761,3900000.0,72300.0,28100.0,24900000.0
7499,7323516963534245163,1000000.0,1379.0,8560.0,9800000.0
7500,7318786039034711338,2100000.0,2846.0,10700.0,20400000.0
7517,7324023880958364974,992900.0,2791.0,3778.0,10200000.0
7519,7318486987248241966,1400000.0,11200.0,5830.0,18800000.0
7526,7323012224904072490,1600000.0,21500.0,12500.0,9800000.0
7536,7305531269935320325,1800000.0,5353.0,1713.0,32400000.0
7566,7323282072628415787,1600000.0,5677.0,3904.0,11300000.0
7570,7324011782132010270,2900000.0,74800.0,145000.0,28700000.0
7578,7323234059495165227,3900000.0,15300.0,8349.0,21700000.0
7580,7314142873002315054,2000000.0,21400.0,8522.0,38400000.0
7582,7321506038396538142,1400000.0,16000.0,5676.0,19400000.0
7602,7318565056327961902,1300000.0,2686.0,3030.0,16500000.0
7615,7322210350806486315,2500000.0,3506.0,10500.0,19500000.0
7642,7323873864340016386,970900.0,9582.0,4286.0,9400000.0
7648,7324008276000099627,3200000.0,54100.0,19000.0,22800000.0
7650,7323407512542301486,1300000.0,5375.0,3097.0,11800000.0
7652,7262027736665836846,710700.0,2654.0,2120.0,136400000.0
7661,7321105989569088810,1500000.0,13700.0,6615.0,14600000.0
7679,7308389258002238750,646300.0,77900.0,3942.0,33000000.0
7692,7301842260163939589,1600000.0,135200.0,9717.0,10200000.0
7694,7325113947579895082,846900.0,34400.0,20300.0,10800000.0
7704,7312243994187042054,4100000.0,3386.0,8322.0,28900000.0
7705,7308389258002238750,646300.0,77900.0,3942.0,33000000.0
7710,7328570927208221995,809000.0,16500.0,25300.0,13500000.0
7725,7332140953899142433,1000000.0,9898.0,5381.0,38000000.0
7729,7328088079342865694,2300000.0,16900.0,6935.0,12800000.0
7740,7317095856920890626,1800000.0,31500.0,4621.0,17100000.0
7749,7315582237771074859,2000000.0,17000.0,15700.0,13000000.0
7750,7315582237771074859,2000000.0,17000.0,15700.0,13000000.0
7752,7319198395619462446,1400000.0,39200.0,1789.0,9900000.0
7789,7343020105749564714,2600000.0,8499.0,6679.0,13700000.0
7806,7333736318716955947,1300000.0,4895.0,5172.0,10700000.0
7885,7342769753334762794,1000000.0,559.0,1674.0,16300000.0
7891,7312551857044425990,3200000.0,8255.0,5384.0,36600000.0
7893,7341894311061097771,1100000.0,1585.0,3651.0,9700000.0
7899,7343375034376932651,3000000.0,34000.0,28200.0,23100000.0
7932,7252794384545107227,1000000.0,9112.0,1750.0,13300000.0
7935,7224235540621839621,2000000.0,243800.0,19000.0,27800000.0
7937,7182979842042875142,2700000.0,255600.0,9217.0,37600000.0
7968,7342944313082432776,1300000.0,7153.0,9953.0,10800000.0
7970,7339236374710684971,876800.0,15700.0,5244.0,12600000.0
7976,7342228469956267306,1000000.0,1782.0,1605.0,15100000.0
7996,7330744742084431147,1400000.0,13000.0,12000.0,12300000.0
8021,7343443277103992110,2300000.0,3281.0,6344.0,10900000.0
8070,7342951875085405483,3600000.0,35800.0,15100.0,16400000.0
8074,7338503411152899374,1900000.0,52300.0,6060.0,9800000.0
8082,7338890140347223342,1100000.0,33200.0,7578.0,12600000.0
8086,7343689169253797163,795300.0,491.0,1951.0,14500000.0
8108,7343322187715300654,3100000.0,5077.0,7422.0,36900000.0
8193,7342951875085405483,3600000.0,35800.0,15100.0,16400000.0
8197,7338503411152899374,1900000.0,52300.0,6061.0,9800000.0
8204,7338890140347223342,1100000.0,33300.0,7578.0,12600000.0
8208,7343689169253797163,800600.0,495.0,1969.0,14600000.0
8230,7343652672232328481,1400000.0,999.0,3380.0,15600000.0
8231,7343322187715300654,3100000.0,5115.0,7458.0,37100000.0
8288,7343669178496290091,1800000.0,45700.0,10900.0,10700000.0
8302,7341956239691205894,2500000.0,31000.0,12000.0,11300000.0
8305,7342383300700491054,1600000.0,19500.0,6073.0,9400000.0
8309,7343361852287798574,3600000.0,93400.0,12600.0,17300000.0
8320,7343347344722709806,4400000.0,21300.0,15400.0,29000000.0
8343,7338504296931314990,2000000.0,18700.0,20900.0,28900000.0
8387,7340363649212550405,3000000.0,5274.0,20000.0,20700000.0
8415,7338510921729363246,711600.0,32900.0,2305.0,12200000.0
8418,7343186769115893034,1100000.0,2691.0,10000.0,13600000.0
8429,7299915740126153985,3600000.0,94600.0,24600.0,28000000.0
8454,7303793297867296046,922400.0,512.0,1962.0,10600000.0
8460,7322067879762021637,2900000.0,51600.0,27600.0,23400000.0
8461,7320027163833650478,2200000.0,49200.0,17900.0,12700000.0
8463,7310318947826421010,2400000.0,58500.0,22100.0,15700000.0
8464,7330835360252955937,3900000.0,54700.0,28600.0,20300000.0
8564,7259539350957100334,2100000.0,40800.0,9282.0,20700000.0
8583,7343070969440865541,1300000.0,13300.0,7713.0,22000000.0
8635,7328758640872033568,12600000.0,165200.0,83300.0,90200000.0
8679,7328147936951422254,2100000.0,55700.0,17500.0,11600000.0
8702,7342569320662224161,3000000.0,86700.0,8708.0,11800000.0
8712,7342951680654298410,2100000.0,89500.0,13100.0,13400000.0
8726,7328073924334406944,2200000.0,12200.0,9747.0,13600000.0
8729,7342631646853680427,2800000.0,39300.0,12600.0,11400000.0
8762,7338490139192118529,1300000.0,65300.0,16800.0,26000000.0
8778,7342308561386474795,4600000.0,67400.0,16800.0,20000000.0
8779,7342674709265272094,3400000.0,54200.0,12000.0,17900000.0
8784,7342502047746428193,2300000.0,22200.0,33000.0,19900000.0
8793,7342708248409066798,2000000.0,53700.0,12700.0,13300000.0
8809,7326947285705755946,5000000.0,114300.0,30000.0,26200000.0
8828,7342078437001153835,3400000.0,56200.0,11000.0,24900000.0
8830,7342479248122203425,2100000.0,12800.0,6806.0,18000000.0
8831,7343017881824775466,1300000.0,462.0,1277.0,15900000.0
8839,7342533121973275906,827200.0,9319.0,11700.0,14700000.0
8849,7342362830324108575,2900000.0,79400.0,6721.0,14100000.0
8934,7338277845266926890,4000000.0,2437.0,22200.0,14800000.0
8936,7342584354205355310,1400000.0,17100.0,8152.0,15500000.0
8968,7342607668495928608,2800000.0,26800.0,20600.0,20100000.0
8990,7342372950781316359,2800000.0,7993.0,5156.0,13900000.0
9000,7342317274050661675,2200000.0,64800.0,15700.0,19400000.0
9014,7337508533778369834,752800.0,5212.0,2734.0,9400000.0
9021,7342979223050652974,1700000.0,9940.0,8059.0,13400000.0
9041,7343001838003768618,4000000.0,19300.0,26900.0,22900000.0
9055,7341863012933864737,14700000.0,59900.0,48100.0,86000000.0
9082,7337546322247011626,1700000.0,81700.0,11400.0,10800000.0
9119,7341390711725591850,3100000.0,113400.0,43600.0,35700000.0
9152,7341543091955846432,961400.0,48100.0,8721.0,13400000.0
9168,7341330174534831392,5700000.0,39600.0,27700.0,29400000.0
9170,7342452977535421717,3800000.0,35400.0,22300.0,20500000.0
9174,7342687091991612718,3000000.0,29600.0,20100.0,12500000.0
9192,7331459879019744555,1200000.0,4841.0,4198.0,10700000.0
9200,7342652049839934752,3800000.0,9505.0,4778.0,18400000.0
9202,7342714284398349610,1600000.0,22200.0,6905.0,10300000.0
9205,7341858780176452906,6100000.0,94400.0,22900.0,31500000.0
9247,7342030110574365994,825600.0,3090.0,6770.0,9900000.0
9250,7338634695946554670,657600.0,30800.0,15400.0,10300000.0
9291,7340885355144449310,1500000.0,9409.0,13100.0,12400000.0
9334,7332924378725862689,2700000.0,23000.0,18300.0,14500000.0
9362,7341815800753442094,2200000.0,5273.0,5510.0,27600000.0
9372,7341916101011901742,2500000.0,22400.0,5167.0,12800000.0
9381,7333713822710025504,3100000.0,73000.0,10500.0,18800000.0
9383,7341544333989956906,1700000.0,138500.0,22900.0,15700000.0
9412,7342449106838621482,3100000.0,32200.0,21000.0,22100000.0
9440,7342215198520003886,2300000.0,7611.0,9702.0,10700000.0
9446,7337533408320441643,2100000.0,22800.0,9262.0,9900000.0
9536,7342036192017288491,2700000.0,52800.0,16100.0,34300000.0
9578,7338616818992467230,2900000.0,166100.0,272000.0,10200000.0
9584,7341946481466854702,8400000.0,180900.0,24500.0,52400000.0
9609,6958280269531057413,1100000.0,24700.0,35700.0,12200000.0
9698,7342222224876653855,6700000.0,79400.0,38400.0,40600000.0
9707,7331632035804564779,4700000.0,275800.0,494000.0,18100000.0
9712,7338803609519328558,3600000.0,74500.0,20800.0,15900000.0
9759,7342212100216900910,1800000.0,12100.0,6014.0,12800000.0
9767,7318866397839281440,1300000.0,52200.0,6635.0,17200000.0
9788,7334125222024514858,1800000.0,2127.0,3837.0,24200000.0
9813,7340719949876350251,1900000.0,14600.0,9630.0,13200000.0
9815,7341487358040083758,1900000.0,69900.0,8923.0,10400000.0
9826,7341912700798258462,3100000.0,6082.0,3577.0,20400000.0
9882,7340757670212685062,1500000.0,53000.0,10900.0,12200000.0
9958,7335854980982672686,946200.0,1141.0,2455.0,11000000.0
9961,7341760528781528325,1100000.0,6039.0,12400.0,12600000.0
9979,7338485299976162592,3000000.0,19100.0,10200.0,14300000.0
10079,7341314077895003434,1600000.0,2417.0,3796.0,17100000.0
10113,7341917008151317791,2400000.0,120500.0,17100.0,14700000.0
10181,7341806161693281569,860600.0,20400.0,3477.0,12300000.0
10186,7338513940584074542,1500000.0,13300.0,5741.0,9600000.0
10194,7341457344292752686,1700000.0,38200.0,14400.0,15800000.0
10208,7341549503633247530,5500000.0,100200.0,53200.0,29700000.0
10215,7341547889061072134,4400000.0,68300.0,72000.0,31100000.0
10219,7339185836023450923,2600000.0,138900.0,17600.0,23100000.0
10243,7341876781068143915,3700000.0,24900.0,9104.0,27400000.0
10257,7335541841703619872,3900000.0,65300.0,8423.0,33500000.0
10260,7340425055047896352,2000000.0,53000.0,12900.0,12900000.0
10265,7341545643279715630,4800000.0,114800.0,25500.0,24700000.0
10291,7341503846163746091,1500000.0,24300.0,5599.0,14100000.0
10293,7341520084189449518,2800000.0,23900.0,7333.0,14800000.0
10296,7341021901332040993,4200000.0,34600.0,22200.0,23900000.0
10348,7338979594801794309,820100.0,2368.0,3543.0,17500000.0
10393,7341873540725034273,748700.0,2034.0,14100.0,29400000.0
10427,7338277845266926890,4000000.0,2457.0,22300.0,14900000.0
10444,7341442997579517189,2200000.0,42800.0,14100.0,9600000.0
10456,7341899983278443809,2000000.0,15000.0,57600.0,27300000.0
10482,7341732028221574433,1200000.0,514.0,874.0,10600000.0
10509,7339331053225594155,1500000.0,2001.0,3147.0,32100000.0
10623,7340999224890428718,738200.0,13000.0,5904.0,17400000.0
10652,7341098092097195307,852200.0,1215.0,2432.0,11400000.0
10656,7337500233632402731,1600000.0,8451.0,8822.0,9400000.0
10661,7338580154559647018,842500.0,44800.0,2480.0,14200000.0
10697,7339573122821000453,2100000.0,8184.0,23400.0,17300000.0
10705,7313253717824785707,1300000.0,14300.0,14400.0,13900000.0
10716,7325160950976515370,1000000.0,2846.0,6466.0,11300000.0
10729,7340096196318481670,2400000.0,8570.0,12700.0,10100000.0
10760,7341067855716289825,1300000.0,1004.0,6083.0,32600000.0
10774,7331565050198543659,1300000.0,2478.0,2315.0,11400000.0
10791,7339665501485911342,2300000.0,39200.0,14000.0,18600000.0
10794,7340857656497753349,2500000.0,24900.0,32700.0,10600000.0
10818,7341179625290075398,2000000.0,37100.0,5609.0,10700000.0
10863,7325181429481032991,1200000.0,501.0,1269.0,9500000.0
10871,7324926842660556074,1500000.0,25400.0,1680.0,11000000.0
10884,7341465626252234026,2100000.0,18000.0,4670.0,13700000.0
10895,7339976499644140843,2600000.0,25700.0,52600.0,15300000.0
10908,7340170524988853512,3400000.0,51100.0,10900.0,24800000.0
10924,7341012240440642858,2000000.0,30600.0,33000.0,22700000.0
10930,7341254626315947307,2600000.0,12500.0,5088.0,18500000.0
10937,7339937331039767841,1200000.0,8228.0,2723.0,10400000.0
10938,7341329191670992160,2000000.0,55500.0,17500.0,17300000.0
10965,7341084754680319274,3000000.0,36000.0,10800.0,12200000.0
10998,7341344211758763269,2600000.0,83400.0,24100.0,25000000.0
11001,7341515345741565190,1600000.0,8928.0,5426.0,12300000.0
11006,7310440932720086315,5500000.0,250200.0,53000.0,34300000.0
11055,7341461414218943750,937500.0,24300.0,25800.0,9900000.0
11072,7341440113248881926,1300000.0,25600.0,3708.0,10500000.0
11073,7340801830764563744,3100000.0,31000.0,30100.0,19500000.0
11077,7341752052172852523,1400000.0,14200.0,13400.0,18300000.0
11084,7340688686008306951,4400000.0,24700.0,12700.0,27100000.0
11093,7341128931975630113,2900000.0,28500.0,15700.0,19900000.0
11095,7338845571257601312,1100000.0,678.0,1986.0,10300000.0
11112,7340933973473889579,3300000.0,15300.0,15400.0,20400000.0
11115,7341528530838162734,4000000.0,86300.0,10300.0,18900000.0
11153,7341287201201835269,1300000.0,900.0,2991.0,13200000.0
11162,7341342345234894113,2700000.0,32200.0,10600.0,20100000.0
11192,7335849694536518918,2100000.0,111500.0,12800.0,22900000.0
11229,7341475239148211498,2400000.0,36100.0,8124.0,12600000.0
11238,7341274575193378090,2000000.0,19900.0,2481.0,15200000.0
11246,7341080338803821866,2400000.0,7339.0,11800.0,14100000.0
11254,7341100174393085226,2400000.0,59700.0,36600.0,15400000.0
11286,7341319217213410606,2400000.0,4078.0,3791.0,13900000.0
11288,7341572454499831070,1800000.0,11600.0,8987.0,18300000.0
11297,7340825123039104299,1400000.0,3605.0,4065.0,10600000.0
11299,7329963949217139974,2800000.0,133000.0,46100.0,78400000.0
11300,7341575745204129070,2200000.0,64400.0,23300.0,19800000.0
11331,7340850724634397995,2900000.0,5729.0,5056.0,17500000.0
11408,7325232564233424161,2800000.0,6722.0,4886.0,18200000.0
11415,7340459586312260907,657000.0,2543.0,2991.0,37600000.0
11416,7331115209408498949,2900000.0,20300.0,9506.0,88400000.0
11426,7339445566272802080,2700000.0,80200.0,19800.0,45300000.0
11428,7336408957629615406,984000.0,33700.0,7354.0,18700000.0
11435,7338463413888126241,658800.0,4940.0,707.0,9400000.0
11458,7341018229927726369,2500000.0,3524.0,6202.0,28500000.0
11464,7337750752363957546,900900.0,1034.0,690.0,9700000.0
11472,7335112597756218667,1100000.0,1395.0,649.0,31400000.0
11489,7341319740234665223,2700000.0,37400.0,29800.0,30700000.0
11515,7341220310802337066,783600.0,1369.0,1404.0,11800000.0
11524,7341459662585318698,669700.0,1622.0,1083.0,12200000.0
11526,7332031103852629280,770600.0,4309.0,3392.0,23400000.0
11533,7334769068186062113,1200000.0,2292.0,4595.0,47100000.0
11535,7321405402757745966,777300.0,10100.0,13900.0,12100000.0
11569,7339639008135367969,1200000.0,3288.0,1640.0,12600000.0
11634,7341500656395488544,1400000.0,7192.0,3498.0,11000000.0
11642,7341491893550763307,2300000.0,38700.0,18000.0,21100000.0
11646,7341498941852159264,6000000.0,36900.0,29900.0,77900000.0
11653,7341148138503294241,7000000.0,73000.0,30200.0,28800000.0
11657,7340764119550725408,5600000.0,818100.0,52200.0,97100000.0
11659,7336716155425508650,1100000.0,112000.0,9837.0,20800000.0
11715,7340852640307219754,2100000.0,11000.0,6356.0,34300000.0
11733,7341447687012683040,942900.0,966.0,6000.0,9800000.0
11735,7341496746863758625,1200000.0,11900.0,3970.0,13600000.0
11737,7341036872505855274,2600000.0,42100.0,6140.0,15200000.0
11810,7339522456551476486,11800000.0,154200.0,174300.0,94100000.0
11847,7339842788604792097,5000000.0,69200.0,31800.0,29400000.0
11887,7338143398609587489,1300000.0,22000.0,6127.0,11100000.0
11943,7334941014437874990,1900000.0,2942.0,1962.0,9600000.0
11993,7340776174177635617,2700000.0,50300.0,8549.0,16300000.0
12027,7323747337619180842,1900000.0,126400.0,25900.0,11500000.0
12088,7340780447493819679,2100000.0,5225.0,1458.0,13000000.0
12147,7340148315851410720,1600000.0,39900.0,6125.0,15600000.0
12168,7339691972225010975,2000000.0,15000.0,14600.0,10500000.0
12172,7338706784019926274,1600000.0,1784.0,2412.0,20600000.0
12191,7287808850835655941,2200000.0,212700.0,8893.0,22000000.0
12193,7311755990980906283,4000000.0,223100.0,18700.0,23200000.0
12196,7305393818419956999,1800000.0,67700.0,4414.0,11100000.0
12197,7321194343467961642,2700000.0,43100.0,10300.0,12500000.0
12215,7340251965156330785,1600000.0,34600.0,7883.0,10900000.0
12220,7309201527955115310,997800.0,18100.0,13000.0,16100000.0
12251,7340835370520759595,25000000.0,777100.0,311700.0,186200000.0
12262,7340759968083152171,1000000.0,349.0,2156.0,9600000.0
12278,7126810471990103297,7200000.0,161900.0,36700.0,123000000.0
12307,7340837909848706347,3100000.0,13500.0,5827.0,16900000.0
12330,7340784698752355627,1100000.0,4085.0,30800.0,11900000.0
12336,7339867224401857793,1900000.0,24000.0,5841.0,11000000.0
12354,7340883054086458667,2700000.0,6641.0,10100.0,16000000.0
12357,7340037852278852897,1100000.0,3813.0,11500.0,16900000.0
12375,7340435991565520170,3900000.0,50300.0,7032.0,31300000.0
12379,7331517410631257390,1300000.0,9167.0,3357.0,10300000.0
12384,7340731323801144622,4800000.0,132400.0,13300.0,30500000.0
12407,7340624590630047009,5500000.0,351400.0,28500.0,44900000.0
12464,7340725537855442222,1200000.0,1095.0,3094.0,17000000.0
12510,7340508299801988357,7500000.0,128600.0,67200.0,74800000.0
12535,7338069251141635374,630500.0,3127.0,9378.0,13300000.0
12599,7341051546924535086,710500.0,5942.0,46400.0,10600000.0
12660,7340452971035004203,5700000.0,104600.0,29000.0,37500000.0
12679,7340403119005666602,4400000.0,13800.0,13800.0,21400000.0
12695,7340519019725720874,3500000.0,20800.0,10600.0,27600000.0
12738,7341038231649013023,2400000.0,36100.0,7616.0,20700000.0
12750,7340856666172312875,2700000.0,8149.0,2847.0,19500000.0
12779,7340342396992900395,5400000.0,148500.0,21300.0,33200000.0
12792,7340400473633049889,6400000.0,254900.0,37400.0,49300000.0
12795,7340392835692154154,1200000.0,120100.0,16200.0,12100000.0
12819,7340441840774073630,3600000.0,69700.0,16100.0,19100000.0
12823,7340828738180893995,12900000.0,228200.0,86200.0,56800000.0
12841,7338814095384169760,1400000.0,13400.0,3747.0,10500000.0
12851,7340493999309933867,925800.0,5970.0,5222.0,15600000.0
12878,7339003344897297710,2700000.0,26900.0,13700.0,14100000.0
12881,7338532887161031969,1400000.0,135000.0,23600.0,15700000.0
12904,7340804749845007662,1800000.0,16100.0,21100.0,16700000.0
12905,7337047353645468959,1500000.0,62500.0,12300.0,19100000.0
12910,7339202730344418592,1300000.0,2168.0,2814.0,21900000.0
12915,7340516571766639918,5800000.0,46900.0,26500.0,38000000.0
12928,7340693319573310725,2100000.0,58400.0,7075.0,13400000.0
12933,7340508701092023584,4300000.0,65700.0,11100.0,27400000.0
12954,7340771232633195818,1000000.0,26400.0,22500.0,10500000.0
12985,7334776787819449606,5600000.0,11600.0,57400.0,29100000.0
13059,7340022866655726890,2800000.0,17900.0,7925.0,11400000.0
13063,7336190257219652907,2100000.0,37800.0,4302.0,9900000.0
13064,7340807571235736837,1100000.0,1989.0,2560.0,15400000.0
13075,7340810572017470766,1600000.0,6476.0,19800.0,14000000.0
13082,7338469513718975787,2500000.0,4574.0,3548.0,20500000.0
13157,7339718419152964907,1700000.0,18000.0,18700.0,14300000.0
13174,7337667085163613445,2900000.0,10200.0,11500.0,24900000.0
13175,7331402048539217185,2500000.0,16300.0,6557.0,13900000.0
13180,7338626120914423086,4900000.0,7419.0,13900.0,66800000.0
13181,7337919372054318378,4200000.0,20100.0,17400.0,51900000.0
13184,7340514686896508202,706100.0,268.0,674.0,10100000.0
13198,7336488525564513569,1100000.0,1920.0,1929.0,11200000.0
13228,7340682619429850410,1000000.0,18100.0,20800.0,10400000.0
13229,7340729995813342497,2900000.0,4317.0,2670.0,13900000.0
13252,7340712740064922913,1600000.0,10000.0,4558.0,11100000.0
13269,7340345582134807841,1500000.0,4095.0,48900.0,15600000.0
13293,7330409084144979243,1900000.0,4625.0,6446.0,10100000.0
13296,7339562986589130026,851400.0,9982.0,4674.0,11900000.0
13368,7340678158188072238,8200000.0,90200.0,25400.0,63300000.0
13370,7336072173829836062,1500000.0,9669.0,13000.0,12800000.0
13407,7340451495470517535,1400000.0,6132.0,5036.0,9500000.0
13412,7340328994107067694,6000000.0,15400.0,12600.0,34700000.0
13444,7330377844016614698,1700000.0,10200.0,11800.0,14600000.0
13446,7326506629980015905,1500000.0,41000.0,5927.0,13700000.0
13449,7339090254332267818,1000000.0,3569.0,5966.0,19500000.0
13463,7338597910310898974,1700000.0,7109.0,13100.0,10000000.0
13466,7324962531330559237,1600000.0,139600.0,17100.0,30300000.0
13488,7340475439804075310,3200000.0,87100.0,19300.0,22500000.0
13492,7338033399262842158,786300.0,2921.0,3953.0,32700000.0
13524,7321309755174161697,2500000.0,93100.0,7130.0,14000000.0
13609,7339667511337618731,2300000.0,25300.0,7871.0,14700000.0
13616,7331053231314849056,1600000.0,3383.0,2352.0,19100000.0
13632,7323257676635409684,1600000.0,55800.0,31600.0,17800000.0
13634,7319453382505254150,4200000.0,140000.0,19600.0,57200000.0
13694,7340372530642963745,2700000.0,65100.0,20800.0,12100000.0
13696,7339975936991071534,1100000.0,9229.0,9176.0,14400000.0
13707,7340180756209126664,1100000.0,1299.0,4764.0,15900000.0
13708,7339621873120021791,2800000.0,17100.0,11500.0,14800000.0
13721,7340493829054778666,1900000.0,54200.0,40100.0,14000000.0
13733,7340612320411897134,1200000.0,11100.0,13100.0,10900000.0
13757,7340482280512638251,1500000.0,17100.0,9505.0,10700000.0
13762,7332151913791786286,1600000.0,33500.0,15700.0,11300000.0
13771,7340489516156734752,1800000.0,36400.0,11200.0,17100000.0
13776,7339686968357309701,1200000.0,34300.0,14000.0,18200000.0
13778,7339648847209057579,2800000.0,28300.0,9808.0,19400000.0
13782,7336832103079742753,1900000.0,34700.0,17300.0,18300000.0
13791,7340311480153165099,1100000.0,119000.0,9349.0,9500000.0
13792,7339727168991202590,2000000.0,25100.0,4463.0,12800000.0
13797,7340211253433912577,5300000.0,42200.0,20700.0,34800000.0
13799,7339946956824907040,2200000.0,36900.0,8393.0,10900000.0
13804,7340004360312655147,3200000.0,39100.0,19700.0,25700000.0
13815,7340085965995691269,2100000.0,3406.0,3129.0,11500000.0
13818,7337032123280313642,682900.0,612.0,637.0,14800000.0
13860,7339884884380372257,2600000.0,17800.0,15100.0,28800000.0
13865,7339833960438222126,12200000.0,91600.0,39900.0,88700000.0
13867,7339693830658182431,1400000.0,12400.0,30200.0,17400000.0
13872,7315424134354193697,1600000.0,2955.0,1674.0,11800000.0
13873,7323490651713129746,1100000.0,68100.0,5459.0,32800000.0
13876,7337927310445645098,3000000.0,124800.0,31700.0,51100000.0
13877,7339406908924890369,6500000.0,136500.0,22300.0,34500000.0
13881,7339772896648236334,2300000.0,15500.0,15800.0,19900000.0
13897,7340250093813042465,2200000.0,25600.0,15900.0,15900000.0
13914,7339693147636780330,3400000.0,230800.0,55500.0,41900000.0
13916,7339965896003177759,1500000.0,1060.0,1057.0,28900000.0
13925,7340095766318337323,1900000.0,76900.0,7047.0,13600000.0
13953,7340478630708907307,1600000.0,34800.0,13300.0,11000000.0
13979,7336569803601202464,1100000.0,2195.0,6327.0,12700000.0
13988,7339675343168523525,2700000.0,7851.0,19500.0,15700000.0
13994,7339765160451656965,1500000.0,1762.0,3852.0,13800000.0
13999,7339729253388258602,2600000.0,124200.0,26800.0,32000000.0
14042,7340099433171897606,3400000.0,23400.0,23100.0,24700000.0
14044,7340407652951854382,1700000.0,50600.0,19700.0,14100000.0
14050,7340402769729457454,2400000.0,20200.0,44800.0,18200000.0
14051,7335761618162208032,3900000.0,2931.0,6651.0,56800000.0
14063,7340385216885722414,2500000.0,22600.0,17600.0,20300000.0
14065,7339769296110898437,3400000.0,10600.0,7103.0,16300000.0
14067,7339269183902960928,2400000.0,5976.0,7942.0,36700000.0
14081,7340446540705647914,2600000.0,352100.0,111000.0,28300000.0
14084,7338887533369036038,5500000.0,37200.0,36400.0,22600000.0
14102,7340036076226039082,4200000.0,87300.0,10700.0,21700000.0
14110,7339470387538955562,698800.0,40300.0,22400.0,9900000.0
14128,7340009550700875040,863600.0,1043.0,5340.0,21800000.0
14141,7338207576821108011,1900000.0,6899.0,14600.0,12600000.0
14151,7336972372802571562,1500000.0,51500.0,4579.0,22200000.0
14219,7340372106892315946,1300000.0,1584.0,2590.0,19000000.0
14230,7339307630822788385,3900000.0,103800.0,21800.0,29200000.0
14234,7339549289720417568,3800000.0,40100.0,18100.0,19500000.0
14269,7339028729164827947,5900000.0,57500.0,94600.0,31200000.0
14271,7339028729164827947,5900000.0,57500.0,94600.0,31200000.0
14274,7339653763352956206,3600000.0,100100.0,16400.0,17700000.0
14279,7339622266969296171,2800000.0,1658.0,6507.0,15400000.0
14285,7339665482162687278,2800000.0,93600.0,5656.0,16000000.0
14286,7339311131472792875,3300000.0,3116.0,3922.0,25000000.0
14291,7322213798037687598,6100000.0,114100.0,177900.0,55900000.0
14294,7339188595246239008,2300000.0,155700.0,47300.0,10900000.0
14337,7319948894136339758,1300000.0,6020.0,1898.0,13400000.0
14396,7339707902954851630,3300000.0,25900.0,9438.0,14600000.0
14401,7336666282789555502,906500.0,65600.0,22500.0,12000000.0
14410,7339661069335498016,2200000.0,13300.0,5355.0,16200000.0
14464,7337108043143892267,3000000.0,5011.0,5733.0,18600000.0
14482,7339110361007787270,670100.0,6663.0,3348.0,12100000.0
14489,7338858798607633707,1700000.0,8759.0,2575.0,10400000.0
14515,7339782930572594475,917500.0,1022.0,2282.0,11000000.0
14528,7339682700699110699,4400000.0,77900.0,16000.0,23800000.0
14551,7339723452598865194,2800000.0,1349.0,7210.0,20900000.0
14562,7336082568976059690,646700.0,1305.0,9004.0,15300000.0
14597,7339929655442427178,630200.0,865.0,4781.0,19100000.0
14672,7339351078472928517,4700000.0,714000.0,71500.0,104700000.0
14692,7333692326386224427,4300000.0,109800.0,24500.0,40300000.0
14701,7337377926691786027,985900.0,39400.0,7970.0,11300000.0
14707,7340152680922254598,1100000.0,11200.0,10600.0,13900000.0
14746,7339632851790384427,944200.0,11200.0,5621.0,13000000.0
14762,7339214977091292422,812000.0,4264.0,2074.0,11900000.0
14769,7340302464995839238,1300000.0,29500.0,10800.0,9900000.0
14771,7340167502887996718,2400000.0,31800.0,15700.0,18500000.0
14773,7340083178125790507,4200000.0,135400.0,77000.0,24600000.0
14791,7337036241898163498,1200000.0,6926.0,28800.0,10400000.0
14822,7339928258353351978,1300000.0,8427.0,5374.0,9900000.0
14827,7337403837637987589,1300000.0,4990.0,5055.0,14300000.0
14840,7334422820937534752,676200.0,1659.0,8391.0,9400000.0
14853,7323337663086333190,905900.0,5465.0,24800.0,13700000.0
14879,7338522437241392426,622900.0,649.0,2641.0,9500000.0
14889,7337791499792387370,1800000.0,17600.0,7377.0,10000000.0
14915,7339594662002298154,2400000.0,12400.0,5061.0,12000000.0
14958,7340103202362215722,1300000.0,4024.0,790.0,11000000.0
15005,7339775479668477230,905100.0,8900.0,2135.0,17600000.0
15012,7332369600199347499,939400.0,18500.0,7914.0,11000000.0
15021,7335622421845724421,9600000.0,131900.0,59000.0,74200000.0
15031,7339731338314009899,5200000.0,40400.0,12200.0,23100000.0
15037,7339511013882055943,1100000.0,21100.0,11700.0,12800000.0
15050,7328401162862939434,4500000.0,57300.0,12200.0,34200000.0
15056,7339437253032234241,4800000.0,89300.0,9095.0,21400000.0
15060,7339594016226364678,2800000.0,75800.0,45700.0,16800000.0
15066,7337875509084261675,1900000.0,8232.0,7206.0,17400000.0
15075,7339524005071736110,1700000.0,50800.0,5638.0,10900000.0
15080,7338754782141680929,1100000.0,12100.0,10900.0,18900000.0
15095,7339905893628153121,2200000.0,12500.0,7651.0,17700000.0
15098,7340056622619790638,3100000.0,76800.0,13700.0,21900000.0
15102,7339573284847111429,2100000.0,19100.0,6299.0,9500000.0
15103,7339870827611000094,735700.0,9542.0,3766.0,11500000.0
15104,7339968659592465697,669600.0,7598.0,6250.0,15300000.0
15107,7339669741881150752,4900000.0,106400.0,16200.0,27700000.0
15110,7339774792972750088,4000000.0,28500.0,23400.0,17300000.0
15123,7340011494291131691,4600000.0,111800.0,49000.0,39300000.0
15126,7339586306323795232,5200000.0,276900.0,64200.0,42900000.0
15128,7339616299145923886,4400000.0,106800.0,44800.0,32300000.0
15134,7318887789049761066,1300000.0,13100.0,4797.0,12600000.0
15195,7333326640723922208,5600000.0,274100.0,95500.0,29500000.0
15212,7339685917759769899,2300000.0,2683.0,33900.0,40100000.0
15219,7338445921614581025,1700000.0,56800.0,16100.0,11500000.0
15225,7335921953628228907,653800.0,7873.0,5067.0,22000000.0
15230,7339799764789185824,4400000.0,153900.0,35400.0,30100000.0
15238,7339938595140111658,653300.0,1442.0,1738.0,13700000.0
15260,7339909789985557793,3000000.0,9689.0,17100.0,30300000.0
15261,7329207645749906694,957200.0,15000.0,3932.0,11500000.0
15307,7335535077935303978,871000.0,1086.0,2618.0,14800000.0
15317,7339980130187562282,1400000.0,5001.0,9491.0,18300000.0
15377,7340048101115235626,1700000.0,88700.0,33400.0,15800000.0
15381,7332948700869709098,1000000.0,9688.0,30300.0,14100000.0
15406,7339665501485911342,2300000.0,39300.0,14000.0,18600000.0
15432,7335921953628228907,654000.0,7876.0,5067.0,22000000.0
15436,7339741084316093739,1600000.0,17300.0,7522.0,9500000.0
15441,7319596095921769774,903500.0,10100.0,19600.0,10800000.0
15443,7339974590317284641,1700000.0,75400.0,13400.0,11300000.0
15530,7339255033025826094,5000000.0,147900.0,27400.0,52000000.0
15543,7330024754847550752,1300000.0,5494.0,4001.0,14200000.0
15550,7339544099361525035,3400000.0,13900.0,13300.0,33100000.0
15552,7329614632052591877,1600000.0,79400.0,6289.0,10800000.0
15567,7334517801287404846,874200.0,12200.0,7805.0,18800000.0
15585,7339633579002957099,766800.0,40600.0,8156.0,10000000.0
15607,7339484566186396933,782100.0,826.0,1370.0,10900000.0
15622,7339416065182584066,2700000.0,19700.0,8802.0,20200000.0
15649,7339675920799730987,1300000.0,6352.0,3146.0,9900000.0
15669,7335515112083688746,937900.0,11900.0,5394.0,12100000.0
15678,7338634695946554670,657800.0,30800.0,15400.0,10300000.0
15687,7333014304507088171,990100.0,3448.0,6906.0,12300000.0
15691,7337164780257430830,1000000.0,2870.0,7129.0,10300000.0
15700,7337465605106208043,1400000.0,99600.0,41400.0,27600000.0
15704,7333795272612384031,6100000.0,54700.0,17500.0,31400000.0
15709,7337387349883653378,1800000.0,35200.0,12100.0,21400000.0
15718,7322961317084663082,698300.0,6955.0,6421.0,20100000.0
15722,7315878397568191787,4100000.0,77500.0,20000.0,29600000.0
15731,7335885936724692266,12100000.0,113100.0,26700.0,66400000.0
15733,7331930122397797675,1200000.0,37800.0,8297.0,35800000.0
